passrate,salary,expend,toughclass,lsalary,lexpend,age,sexfemale
79.4000015258789,37498,5765,0,10.532042877202896,8.65956043270316,44,0
65.70000076293945,48722,6601,0,10.793885952444333,8.79497643168877,46,1
66.79999923706055,44541,6834,0,10.704165392288106,8.829665432675236,45,0
48.29999923706055,31566,3586,1,10.359835870958863,8.184792654165078,47,1
38.30000019073486,29781,3847,1,10.301625885257831,8.255048902752295,58,0
69,36801,5070,0,10.513280297700861,8.531096096585228,46,0
56.599998474121094,37863,4474,0,10.541729660926741,8.406038142050075,45,1
63.099998474121094,40133,5159,0,10.599954217506415,8.54849804124465,43,0
65.0999984741211,36451,5012,0,10.503724171902725,8.51959031601596,49,0
62.79999923706055,33449,6501,0,10.417777169743282,8.77971129020447,46,1
53.79999923706055,40859,5938,0,10.617882394259105,8.689127655323706,47,0
37.60000038146973,42785,5987,1,10.663942852852156,8.697345730925353,48,0
74.0999984741211,34085,4843,0,10.436612683796886,8.48528964240323,40,1
52.20000076293945,29700,4255,0,10.298902324790792,8.355850041007475,46,1
72.70000076293945,47436,5332,0,10.767136713084685,8.5814816812986,51,0
65.5999984741211,40304,6806,0,10.604205998592391,8.82555985506085,41,1
58,38873,6169,0,10.568055201212758,8.72729202920964,52,0
58.900001525878906,35536,5235,0,10.478301546134208,8.563122123304638,39,1
40.79999923706055,37350,4196,1,10.528088190560963,8.341886969516187,47,0
48.5,31076,4854,1,10.344191096070311,8.487558386286548,43,0
56.20000076293945,35538,4088,0,10.47835782550502,8.31581113188354,50,1
62.599998474121094,31271,4497,0,10.350446429473651,8.411165786770708,50,1
53.29999923706055,35547,4141,0,10.47861104348485,8.328692583545568,53,0
77.79999923706055,34194,4403,0,10.439805469063055,8.390041405755754,44,1
85.4000015258789,33345,4018,0,10.414663115066407,8.29853954537488,47,1
52.70000076293945,25453,3943,0,10.144588893224116,8.279697133877628,36,1
59.900001525878906,41451,4677,0,10.63226728572478,8.450412157725886,48,0
45.39999961853027,33234,4357,1,10.411328727261159,8.379539026117442,44,0
46.89999961853027,36954,4955,1,10.517429174915097,8.508152446764088,45,0
62.20000076293945,34499,4526,0,10.448685617092117,8.417593826193484,50,0
45.89999961853027,37519,6618,1,10.532602750312952,8.797548488481558,50,0
50.79999923706055,39481,5195,0,10.583574822507286,8.555451903533328,51,0
59.900001525878906,33867,4684,0,10.430196367929657,8.451907724717607,40,0
60.29999923706055,34520,5516,0,10.449294145197364,8.615408238913192,45,0
44.29999923706055,27955,3675,1,10.238351353460745,8.209308411646937,50,1
71.70000076293945,36461,4635,0,10.503998475174141,8.441391477999955,46,1
57.20000076293945,31204,4006,0,10.348301570708204,8.295548516225763,46,1
55.79999923706055,34105,4291,0,10.43719928008882,8.364275084991524,49,0
56.20000076293945,34315,4759,0,10.443337855342735,8.46779284112111,35,0
54.70000076293945,28948,3901,0,10.273256395986019,8.268988209506656,36,1
43,26682,4288,1,10.191744459738752,8.363575702750637,46,1
51,39982,5794,0,10.596184631815689,8.664578178329295,51,0
46.39999961853027,52812,6838,1,10.874493716599092,8.830250570199247,60,0
65.9000015258789,28053,4037,0,10.241850857103556,8.30325712085294,36,1
39.79999923706055,37112,5115,1,10.52169564643158,8.539932678385727,56,0
53.89999961853027,36183,4249,0,10.496344674251352,8.354438940114811,51,0
39.20000076293945,36622,4308,1,10.50840443170166,8.36822903827628,47,0
46.60000038146973,45358,5562,1,10.722341845718807,8.62371303479391,51,0
41.10000038146973,33341,4353,1,10.414543149856174,8.378620541552298,46,1
53.5,32197,6810,0,10.379628559490257,8.826147399143558,34,0
51.10000038146973,29504,3561,0,10.29228112635632,8.177796683277778,43,1
48.5,27192,3927,1,10.210678091375952,8.27563105457801,53,1
58.099998474121094,35247,4806,0,10.470135698235682,8.477620416296414,40,1
70.70000076293945,48782,5461,0,10.795116671339422,8.605387202152153,47,0
49.79999923706055,36440,3930,1,10.503422351373894,8.276394704863307,53,1
49.79999923706055,34863,4453,1,10.459181373890983,8.401333305321703,41,0
48.5,34491,4158,1,10.448453699421849,8.332789468417959,44,0
55.20000076293945,45447,5054,0,10.724302090826434,8.52793528794814,51,0
59.599998474121094,36045,3332,0,10.49252343683868,8.111328003286733,49,0
60.79999923706055,33949,4700,0,10.432614677472031,8.45531778769815,48,0
46.39999961853027,39643,4333,1,10.587669666710424,8.374015421739909,56,0
54.29999923706055,40188,5350,0,10.601323722582205,8.584851839890053,49,0
35.69999980926514,29773,4513,1,10.301357221522462,8.414717399827001,53,1
43.39999961853027,41122,5622,1,10.624298537078547,8.634442751466477,44,0
56.29999923706055,32759,3495,0,10.396933012470582,8.15908865466791,42,1
43.70000076293945,34410,5987,1,10.446102498791525,8.697345730925353,40,0
42.70000076293945,35302,4007,1,10.471694898540225,8.295798110636145,48,0
48,35987,4747,1,10.490913041110819,8.465268118551318,40,0
47.29999923706055,38399,4849,1,10.555786696570062,8.486527777105353,47,0
55.5,37911,6539,0,10.54299658642679,8.785539527561276,39,0
48.79999923706055,37600,5026,1,10.534759329377986,8.522379718103538,55,0
52.79999923706055,36170,4575,0,10.495985324946144,8.428361977709622,54,1
39,30977,4306,1,10.341000272613067,8.367764677924308,40,0
61.79999923706055,34143,4401,0,10.43831286595,8.38958706681109,41,0
46.60000038146973,32191,4142,1,10.379442189358636,8.3289340419555291,43,1
46.70000076293945,30604,4521,1,10.328885998351742,8.416488487294606,42,1
41.89999961853027,29280,3804,1,10.284659968075248,8.24380842366528,51,0
54.60000038146973,31687,4117,0,10.363661781116345,8.322880021769905,44,1
56.29999923706055,34700,4527,0,10.45449496593495,8.417814747435958,42,0
46.29999923706055,32041,4256,1,10.37477161168151,8.35608503102148,53,1
48.39999961853027,28166,4200,1,10.245870855757996,8.34283980427146,51,1
52.60000038146973,45252,7034,0,10.720002147046358,8.858510813033927,44,0
36.5,32029,4133,1,10.374397021385262,8.326758814511733,44,0
47.10000038146973,34045,4252,1,10.435438457917067,8.355144739461839,46,1
47.29999923706055,27561,4162,1,10.224157008939576,8.33375100695358,48,1
37.80000019073486,32436,3865,1,10.387024196064448,8.259716961021523,54,0
52.79999923706055,34730,4326,0,10.45535914573812,8.372398606513004,50,1
41.70000076293945,28149,4373,1,10.24526710895816,8.38320455141292,49,0
48.89999961853027,43840,5793,1,10.688301921621898,8.664405571096625,45,0
55.900001525878906,31731,4385,0,10.365049399996163,8.385944904806284,49,1
60.20000076293945,30860,4475,0,10.337216125917152,8.406261630708956,44,0
46.60000038146973,35770,4016,1,10.484864832253063,8.298041661371565,57,0
39.29999923706055,31261,3788,1,10.350126593227081,8.239593454305968,55,1
48.5,36416,5438,1,10.502763517486002,8.601166625192416,54,0
35.39999961853027,37855,4433,1,10.541518350537407,8.396831834745054,54,0
54,34768,4244,0,10.456452702496211,8.353261499733874,41,0
53.20000076293945,27372,4287,0,10.217275872072388,8.363342466597977,42,1
63.099998474121094,39102,5044,0,10.573928895560435,8.52595469708481,51,0
50.60000038146973,31964,4033,0,10.372365548494354,8.302265794873367,38,1
53.5,26779,3698,0,10.195373277248482,8.21554741194707,33,1
44.10000038146973,27930,3910,1,10.237456658939223,8.271292652979412,51,0
37.5,31839,4910,1,10.368447232429933,8.499029220788566,49,0
43.5,27519,3945,1,10.222631954177766,8.280204233279974,46,1
55.20000076293945,31407,4197,0,10.354786076987464,8.34212526333359,41,1
44.5,27444,3710,1,10.21990284381078,8.21878715560148,52,1
47.5,28877,3977,1,10.270800709494713,8.28828304520769,45,0
53.70000076293945,35558,4952,0,10.478920445076517,8.507546814364431,46,1
50.20000076293945,42811,5383,0,10.664550357894438,8.591001118560957,49,0
47.79999923706055,32434,4139,1,10.38696253427932,8.328209491748732,53,0
47.79999923706055,32839,4186,1,10.399372112432818,8.339500903005945,49,1
49.79999923706055,31543,4243,1,10.359106973305016,8.353025845202325,46,0
41.29999923706055,36621,4366,1,10.50837712533791,8.38160253710989,54,0
66.9000015258789,39440,5710,0,10.582535808716571,8.649974302650056,47,0
40.89999961853027,34474,4500,1,10.447960695714336,8.411832675758411,52,0
42,45158,5895,1,10.717922730303274,8.68185981297147,52,0
53.60000038146973,29757,4122,0,10.300819677414104,8.324093761450404,44,1
41.89999961853027,28032,4239,1,10.241101993736118,8.352082671352637,45,1
48,29280,3905,1,10.284659968075248,8.270013062273787,39,1
35.60000038146973,34471,4752,1,10.44787366982408,8.466320861042481,42,0
37.39999961853027,29898,3893,1,10.30554686750946,8.266935347610456,46,1
41.29999923706055,33501,3901,1,10.419330568113901,8.268988209506656,51,1
49.60000038146973,29238,4206,1,10.28322451207156,8.344267356262645,35,1
35.5,27973,3786,1,10.23899503822049,8.239065331769268,44,0
56.29999923706055,32159,3788,0,10.378447628282094,8.239593454305968,40,1
52.29999923706055,31114,4250,0,10.345413157647068,8.354674261918463,36,0
46.5,33179,3688,1,10.409672424652523,8.212839584676484,48,1
40.60000038146973,30131,3848,1,10.313309821085701,8.255308811785596,46,1
25.40000009536743,30979,4336,1,10.341064834560278,8.374707543119483,49,0
52.20000076293945,27929,3799,0,10.23742085450305,8.242493153187626,53,1
42.70000076293945,34134,4282,1,10.438049233978703,8.362175469149628,47,0
46,29925,4664,1,10.306449530426175,8.447628728030327,42,0
56,26891,3694,0,10.199546937117361,8.214465160759186,42,1
46.70000076293945,32021,4147,1,10.374147216543994,8.330140460246382,47,1
38.39999961853027,35802,5847,1,10.485759036750137,8.67368398817567,54,0
55.70000076293945,32798,3659,0,10.39812281690339,8.204945165019208,56,0
48,36780,4258,1,10.512709498158312,8.356554845453426,47,0
51.70000076293945,27905,3632,0,10.236561163222534,8.197538739721184,33,1
34,29504,4278,1,10.29228112635632,8.361240889642351,49,1
46.5,36803,5327,1,10.513334642573437,8.580543506917,43,1
49.79999923706055,28826,3933,1,10.269033036643048,8.27715777243181,40,1
51.89999961853027,31908,4560,0,10.37061204103102,8.425077902508432,38,0
38.89999961853027,28806,3730,1,10.268338977758996,8.224163512637862,43,0
76.79999923706055,32249,5365,0,10.38124231399123,8.587651655064798,46,1
38.39999961853027,30871,4314,1,10.337572510881479,8.369620826949102,53,0
62.70000076293945,34966,5394,0,10.462131439757595,8.593042503699674,47,0
39.39999961853027,36350,4697,1,10.500949482961666,8.454679286026995,52,0
52.70000076293945,33763,5738,0,10.427120807321092,8.65486599654131,42,1
46.39999961853027,28556,3725,1,10.259622350622351,8.22282213081366,52,1
35.10000038146973,40030,4732,1,10.597384451986619,8.462103225098277,45,0
33.80000019073486,22778,3571,1,10.033550436834297,8.18060094759445,45,1
48.29999923706055,25676,3984,1,10.153311982431669,8.290041618704489,36,1
57.70000076293945,33209,4054,0,10.41057620250521,8.307459327011946,50,1
73.5,37133,6931,0,10.522261341106239,8.843759381917984,46,1
65.70000076293945,34946,5106,0,10.461559291898984,8.53817159780143,49,0
34.30000019073486,29347,3979,1,10.286945605381202,8.288785810426928,53,1
44.70000076293945,32288,5031,1,10.382450923153336,8.523374050491318,43,1
42.5,36097,4450,1,10.493965038374695,8.400659375160286,44,0
73.20000076293945,39151,6180,0,10.575181243876902,8.729073550451737,44,0
50.39999961853027,31593,3800,0,10.360690856048707,8.242756345714477,45,1
46,34986,4288,1,10.46270326045021,8.363575702750637,51,0
40.29999923706055,34461,5308,1,10.447583528813514,8.576970395452099,39,1
50.60000038146973,29729,3667,0,10.299878279368585,8.207129168071326,39,0
33.89999961853027,36881,4280,1,10.515451792270389,8.361708288575842,53,0
65.5,31780,3866,0,10.366592440090708,8.259975659768276,42,1
54.60000038146973,31778,4108,0,10.366529505448312,8.32069157104845,46,1
46.89999961853027,31766,3799,1,10.366151814395101,8.242493153187626,52,1
56.20000076293945,31204,4347,0,10.348301570708204,8.377241230988792,36,1
48.29999923706055,32349,3782,1,10.384338387550182,8.238008249218403,49,1
47,31773,3932,1,10.36637215151178,8.276903481267057,36,0
45.60000038146973,42580,6947,1,10.65913993844747,8.846065190692881,51,0
44.39999961853027,32489,3624,1,10.388656849488333,8.19533366716287,51,1
32.80000019073486,24887,4005,1,10.122100857763806,8.29529885950246,39,0
60.5,29820,4012,0,10.30293458831873,8.297045149081827,46,1
39.70000076293945,31147,4389,1,10.346473211391473,8.386856689688234,44,1
44.70000076293945,32288,4078,1,10.382450923153336,8.3133619511344,48,0
50.20000076293945,32138,4178,0,10.377794409601698,8.33758794211651,45,0
33.39999961853027,30872,4382,1,10.337604903217455,8.385260520155413,52,1
39,30472,4002,1,10.32456350815844,8.294549515143679,44,1
45,30054,3703,1,10.310751042585672,8.216898580913613,48,1
42.70000076293945,28426,3555,1,10.255059498298957,8.176110342237342,42,1
44.79999923706055,39470,4533,1,10.583296168656894,8.41913925094085,49,1
49.29999923706055,30825,3894,1,10.336081328032545,8.267192185932146,49,1
37.80000019073486,29281,4196,1,10.284694120497512,8.341886969516187,46,1
35.39999961853027,30753,3822,1,10.333742829451511,8.248529124800218,44,0
51.39999961853027,31051,3872,0,10.343386292962181,8.261526448396468,39,1
36.19999980926514,30477,3782,1,10.324727579759655,8.238008249218403,48,0
48,28791,3989,1,10.267818117285737,8.291295851905407,44,1
42.20000076293945,28684,3654,1,10.264094755002466,8.203577736937952,51,0
43.60000038146973,34944,4248,1,10.461502059104577,8.354203562921775,51,0
39.70000076293945,31243,3776,1,10.3495506300728,8.236420527265391,43,0
50.10000038146973,32325,4188,0,10.383596203640058,8.339978571990427,46,1
65.29999923706055,34259,4552,0,10.441704582894031,8.423321975806166,37,1
59.79999923706055,28851,3616,0,10.269899933380591,8.193123721512068,47,1
47,31903,4039,1,10.370455328238235,8.303752415563412,38,0
50.89999961853027,30668,4040,0,10.330975044678786,8.303999970955196,38,1
49.10000038146973,28223,3425,1,10.247892527339829,8.138856750696325,45,0
54.70000076293945,29637,4228,0,10.296778859712584,8.349484346990128,40,1
41.79999923706055,30400,4214,1,10.322197887394314,8.346167594364134,42,0
47,29107,3487,1,10.278733974060291,8.156797046675651,44,1
59.79999923706055,31477,3894,0,10.357012399387852,8.267192185932146,47,1
34.60000038146973,25688,3610,1,10.153779235769349,8.191463051326927,40,1
41.60000038146973,26670,3975,1,10.19129461717606,8.287780027088433,37,1
41.79999923706055,26108,3728,1,10.169997059755108,8.223627175805483,39,1
39.20000076293945,25537,4140,1,10.147883659883789,8.32845106681936,35,1
31.300000190734863,20951,3874,1,9.949941656908011,8.262042843966942,41,1
57.099998474121094,32210,4097,0,10.380032242325244,8.318010277546872,35,1
44.79999923706055,30693,3864,1,10.33178989454705,8.259458195332408,47,0
42.70000076293945,32625,3828,1,10.392834144624995,8.250097752572845,43,0
27.300000190734863,33074,3918,1,10.406502754210141,8.273336598504486,47,1
49.5,29765,3438,1,10.30108848558749,8.142645185942795,38,1
37.30000019073486,34244,4846,1,10.441266645862376,8.48590890137647,42,0
44.10000038146973,35615,3990,1,10.480522176412455,8.29154650988391,50,1
58.20000076293945,29386,3698,0,10.288273649435892,8.21554741194707,49,1
46.5,30762,4535,1,10.334035441011755,8.419580362549237,40,1
31.300000190734863,31681,5680,1,10.363472411086743,8.644706511715198,45,1
43.39999961853027,32371,3566,1,10.385018239245094,8.179199798423086,51,1
39.29999923706055,32332,4617,1,10.383812730853736,8.43750042250699,47,1
50.39999961853027,27654,4102,0,10.227525661948563,8.319229938632326,36,1
45.20000076293945,28078,4166,1,10.242741630531896,8.334711621820917,48,0
28.800000190734863,33219,4647,1,10.410877280366218,8.443977129084978,48,0
42,28406,3751,1,10.254355669441074,8.229777750081887,45,0
42.20000076293945,36055,4334,1,10.49280082935086,8.374246182096304,55,0
38.10000038146973,44109,4863,1,10.694419122245767,8.489410810403786,53,0
43.60000038146973,30050,4551,1,10.310617939963354,8.423102268016642,40,0
45.10000038146973,35200,4579,1,10.468801361586188,8.429235912657095,42,1
35.19999980926514,26186,3666,1,10.172980195787698,8.20685642839965,41,1
49.29999923706055,32610,4534,1,10.392374268783366,8.419359831067474,48,1
45.5,30651,3939,1,10.330420567259534,8.278682162970906,32,0
53.29999923706055,34972,4136,0,10.462303020300782,8.327484416188264,58,1
46,31781,3819,1,10.366623905926678,8.247743887225516,41,0
34.89999961853027,36695,4087,1,10.510395784979163,8.315566483564277,46,0
59.599998474121094,27743,3791,0,10.230738835101377,8.240385115516334,40,1
47.39999961853027,38536,5137,1,10.559348148310058,8.544224530467268,43,0
46.60000038146973,27984,4000,1,10.239388197258384,8.294049640102028,40,1
39.39999961853027,34252,3745,1,10.441500236146082,8.22817689595132,50,0
83.5999984741211,30639,3808,0,10.330028986246209,8.244859395911256,47,1
47,33562,3839,1,10.421149753561107,8.252967195000798,52,0
39,25726,3515,1,10.155257432638662,8.164794804244766,52,1
50.5,28211,3613,0,10.247467251790306,8.19229373114764,41,1
67.4000015258789,27335,4169,0,10.2159232113291,8.335431477880796,44,1
47.70000076293945,28192,3574,1,10.246793528735907,8.181440695719374,43,1
38.39999961853027,28226,4003,1,10.247998817973953,8.294799358992574,51,0
46.70000076293945,30685,3718,1,10.331529214823197,8.220941168281389,42,1
49.29999923706055,32090,3827,1,10.376299734103902,8.249836485425702,58,1
52.10000038146973,26528,4316,0,10.185956057935021,8.370084326378025,43,1
48.60000038146973,34321,4413,1,10.443512690706546,8.392310009269547,49,1
44,33160,4036,1,10.409099609249232,8.3030093814735,48,0
60.79999923706055,32462,3763,0,10.387825453465016,8.232971790593437,43,1
61.20000076293945,33707,4380,0,10.425460809904182,8.384804003370492,40,0
33.10000038146973,37121,5945,1,10.521938126192444,8.690305809124883,49,0
38.5,47131,7419,1,10.760686237600595,8.911799556189527,52,0
39.70000076293945,24994,3808,1,10.12639107504573,8.244859395911256,40,1
39.39999961853027,30181,3735,1,10.31496786629908,8.225503097566918,48,1
49.70000076293945,27857,3745,1,10.234839560272293,8.22817689595132,47,1
40.39999961853027,28857,3991,1,10.270107876820726,8.291797105048733,42,1
71,31585,5090,0,10.360437603332802,8.53503310954457,40,1
57.099998474121094,27571,3447,0,10.22451977466945,8.145259566516865,45,1
42.79999923706055,31404,3945,1,10.354690552318147,8.280204233279974,42,0
57,31690,4026,0,10.363756452684967,8.300528606199737,50,0
62,28092,3479,0,10.24324011727891,8.154500175151941,37,1
42.29999923706055,29771,3679,1,10.301290044308947,8.210396255104774,53,1
43.5,25981,4024,1,10.165120780630861,8.300031711779575,39,1
37.80000019073486,28806,3698,1,10.268338977758996,8.21554741194707,49,0
53.60000038146973,28025,3613,0,10.24085224794036,8.19229373114764,46,1
40.89999961853027,29861,3651,1,10.304308560150634,8.202756381655638,56,1
31.5,28023,3813,1,10.240780880540958,8.246171559857563,44,1
43.60000038146973,26711,4128,1,10.192830744564542,8.325548307161398,51,0
41.79999923706055,35866,4236,1,10.48754505050837,8.351374706721296,48,0
50.89999961853027,34502,5179,0,10.44877257235369,8.552367266423891,48,0
41.20000076293945,45755,5416,1,10.731056354349478,8.59711281459211,58,0
47.60000038146973,28609,3686,1,10.26147663261959,8.212297138229768,46,1
45.39999961853027,26778,4082,1,10.195335933857326,8.31434234336979,51,1
53.29999923706055,27710,3710,0,10.229548637857024,8.21878715560148,46,1
54.20000076293945,33897,4702,0,10.431081793877356,8.455743229100015,45,0
48.39999961853027,29947,4130,1,10.307184431581645,8.326032685955079,44,0
43,29419,3765,1,10.289396003095074,8.233503140233994,44,0
55.29999923706055,25097,3724,0,10.130503596064212,8.222553638396958,36,1
43,27678,3921,1,10.228393152785875,8.27410200229233,49,1
44.20000076293945,31501,4450,1,10.357774570341576,8.400659375160286,50,0
59.70000076293945,36691,5615,0,10.510286772360844,8.633196867172543,45,1
50.79999923706055,32736,3979,0,10.396230668751352,8.288785810426928,50,1
43.60000038146973,24554,3954,1,10.108630052740786,8.282483003730562,41,0
55.29999923706055,31455,4421,0,10.35631323200413,8.394121193826242,41,0
54.29999923706055,25987,3956,0,10.165351691961936,8.282988692742602,40,1
68.5,31845,5403,0,10.368635662805467,8.594709633844065,45,1
45.10000038146973,32392,4222,1,10.385666757711997,8.348064228408266,41,0
45.39999961853027,28072,3676,1,10.24252791726305,8.209580483475577,43,1
54,27091,3743,0,10.206956848388238,8.22764270790443,48,1
50.89999961853027,28535,3814,0,10.25888668297081,8.246433786160365,47,1
55.900001525878906,28458,3905,0,10.256184595105637,8.270013062273787,39,0
40.89999961853027,29304,4085,1,10.28547930445865,8.315077007294104,44,0
59.70000076293945,29865,4643,0,10.304442505166406,8.443115988019922,41,1
45.10000038146973,38848,5869,1,10.56741187441917,8.677439540558334,46,0
49.20000076293945,36785,4436,1,10.512845432366365,8.397508348470257,48,0
40.5,24739,3538,1,10.116136224757685,8.17131687471973,37,1
50.10000038146973,31917,3695,0,10.370894062184476,8.214735833382303,46,0
34.60000038146973,24768,4201,1,10.117307776389454,8.343077871169383,42,1
47.10000038146973,24907,3507,1,10.122904167442703,8.162516250140179,40,0
52.29999923706055,37728,6641,0,10.538157803337098,8.801017833540714,45,1
48.60000038146973,31408,3833,1,10.354817916516243,8.251403065380556,41,0
49.20000076293945,34342,4260,1,10.444124373873748,8.357024439263416,45,1
40.20000076293945,33396,5123,1,10.416191411313891,8.541495483939203,45,0
41.39999961853027,29831,4246,1,10.303303400245593,8.353732642263202,50,0
50.10000038146973,30196,3569,0,10.315464744259515,8.18004072349016,51,0
48.79999923706055,27490,6577,1,10.221577581159291,8.79133399330135,42,1
39.20000076293945,28998,3396,1,10.274982141073139,8.130353547431238,41,1
33.30000019073486,31793,4452,1,10.367001418750867,8.401108712395436,46,0
36.80000019073486,20394,3605,1,9.92299601892417,8.190077049719049,41,1
52.5,27371,3697,0,10.21723933772096,8.215276958936633,45,1
52.79999923706055,29217,3786,0,10.282506010629309,8.239065331769268,48,1
35.19999980926514,26582,4181,1,10.187989573981278,8.338305731356565,47,0
32.80000019073486,29769,3621,1,10.301222862582351,8.19450550976564,45,0
32.80000019073486,28046,4109,1,10.241601298286596,8.32093496888341,41,1
32.39999961853027,36427,5259,1,10.50306553689991,8.567696173589344,50,0
41.70000076293945,30751,4552,1,10.333677793031093,8.423321975806166,41,1
38.39999961853027,22242,3751,1,10.009737672378787,8.229777750081887,46,1
43.70000076293945,24134,3817,1,10.091376913633546,8.247220052745229,44,0
67.79999923706055,29100,3996,0,10.278493453159584,8.293049139768444,41,1
37.30000019073486,34167,3943,1,10.43901554494246,8.279697133877628,53,0
28.199999809265137,35022,5872,1,10.463731714431846,8.677950570294351,53,0
89.69999694824219,26653,6444,0,10.190656993614896,8.770904744296866,28,1
44.10000038146973,25636,3903,1,10.151752892624117,8.269500767180615,35,1
49.10000038146973,30047,3568,1,10.310518101368999,8.1797604936999,44,1
46.70000076293945,29148,3664,1,10.280141578790174,8.20631072579402,48,0
34.89999961853027,23969,3689,1,10.08451660774299,8.213110697596676,45,1
61.900001525878906,35689,6563,0,10.482597797038709,8.789203094473724,42,0
38,27629,4054,1,10.22662122471816,8.307459327011946,44,1
31.5,28631,4414,1,10.262245325878965,8.392536586816682,40,1
50.5,24709,3422,0,10.114922828718177,8.137980454452139,46,1
61.5,25023,3559,0,10.12755068090972,8.177234885510194,37,1
45.60000038146973,30203,4092,1,10.315696536177638,8.316789127071518,44,0
35.39999961853027,35782,3779,1,10.485200252649769,8.237214703349489,53,0
41.10000038146973,30755,4511,1,10.333807861642468,8.414274137408396,46,1
61.900001525878906,27420,3739,0,10.219027953116305,8.226573474977114,38,1
35.10000038146973,25649,4005,1,10.152259863484153,8.29529885950246,34,1
44.39999961853027,31837,4757,1,10.368384414413704,8.467372496432281,40,0
41.89999961853027,31289,4970,1,10.351021877059864,8.511175119090675,48,0
43.5,30081,3912,1,10.311649022192036,8.271804031154709,44,1
56.29999923706055,28278,3947,0,10.249839396151787,8.280711075662847,45,1
33.30000019073486,24850,4327,1,10.120613031524774,8.372629740224884,48,0
33.5,23039,4327,1,10.044943711090122,8.372629740224884,46,0
38.30000019073486,24270,3685,1,10.096996298720647,8.212025804623437,37,1
38.30000019073486,30093,3700,1,10.312047865551595,8.216088098632316,46,0
36.80000019073486,23414,4763,1,10.061089413039618,8.46863300080086,41,1
50.79999923706055,27418,3873,0,10.218955010995845,8.261784679514752,44,0
51.79999923706055,34361,4809,0,10.444677479283538,8.478244441277663,51,1
41.79999923706055,29570,3697,1,10.294515612846523,8.215276958936633,54,0
42.29999923706055,38323,5602,1,10.553805517120653,8.630878955820053,47,0
40.70000076293945,29940,3825,1,10.30695065797362,8.249313746260636,48,0
45.5,27904,3700,1,10.236525326708707,8.216088098632316,51,1
47.79999923706055,37806,4261,1,10.540223099170111,8.357259153499912,38,0
40.70000076293945,27932,5625,1,10.237528263965926,8.63497622707262,37,1
35.89999961853027,27586,3548,1,10.225063676635465,8.17413934342947,46,1
48,27712,4018,1,10.229620811362162,8.29853954537488,40,1
35.5,27568,4075,1,10.224410958767711,8.312626025674962,48,1
39.29999923706055,32056,4447,1,10.375239652315981,8.399984990510696,49,0
45.20000076293945,25817,4520,1,10.158788468649394,8.416267272826277,37,0
48.89999961853027,29705,3415,1,10.299070660789841,8.13593277200489,43,1
34.80000019073486,29090,4622,1,10.278149751489247,8.438582790834326,46,1
40.39999961853027,25860,3784,1,10.160452652325848,8.238536930171769,33,1
43.29999923706055,28810,3933,1,10.268477828078574,8.27715777243181,42,0
37.30000019073486,27218,4019,1,10.211633798120262,8.2987883944492,44,1
38.60000038146973,27624,4377,1,10.226440239069829,8.384118837190895,45,0
41.79999923706055,21674,3824,1,9.98386866448294,8.249052274171293,30,1
40.39999961853027,25247,4376,1,10.136462615763627,8.383890344101816,40,1
39.29999923706055,31949,4220,1,10.371896160411321,8.347590407030058,55,1
44.89999961853027,34195,5288,1,10.439834713532196,8.573195381531523,45,1
38.39999961853027,28138,4143,1,10.244876254937159,8.329175442077402,38,0
38,29648,4196,1,10.29714994852514,8.341886969516187,38,1
44.70000076293945,26444,3706,1,10.182784568453469,8.217708406845306,38,1
37.60000038146973,31384,5229,1,10.354053487889388,8.56197533418813,42,1
67.20000076293945,42255,3824,0,10.651477968978583,8.249052274171293,43,0
38.39999961853027,27486,4042,1,10.221432063114797,8.304494897963567,48,1
40,25924,4337,1,10.162924459547607,8.374938143835367,38,1
39,36566,4762,1,10.50687412588845,8.468423027046809,52,0
30.300000190734863,32155,4759,1,10.378323238568964,8.46779284112111,45,0
60.099998474121094,29629,3520,0,10.29650889041995,8.166216268592143,51,0
49.79999923706055,23700,4048,1,10.073230327123223,8.305978210967302,40,1
29.09999990463257,25083,4594,1,10.129945604818168,8.432506383249043,37,0
45.89999961853027,27930,4814,1,10.237456658939223,8.479283618343016,45,0
37,42575,5717,1,10.659022505530888,8.651199471263972,52,0
29.59999990463257,30501,5532,1,10.32551474894327,8.61830469278465,40,0
31.199999809265137,25964,3859,1,10.16446624215336,8.258163361537619,45,1
41.10000038146973,25529,3933,1,10.147570339863993,8.27715777243181,44,1
46.20000076293945,25711,3867,1,10.15467419487498,8.260234291607297,36,1
46.5,25482,3888,1,10.145727599541326,8.265650165580329,45,1
56.29999923706055,24058,3677,0,10.088222860554017,8.209852481301272,47,1
53.60000038146973,29290,3614,0,10.285001439821778,8.192570471152173,36,1
43,26480,4074,1,10.184145010050944,8.31238059678675,41,1
27.40000009536743,20524,3551,1,9.929350212061856,8.174984532943087,39,1
39.89999961853027,30007,3738,1,10.309185966759637,8.226305988015508,50,0
37.5,34849,3970,1,10.458779721372386,8.286521373681236,44,0
34.19999980926514,35414,4980,1,10.474862501166163,8.513185170018698,49,1
33.19999980926514,35024,4971,1,10.463788819762645,8.511376306094673,42,0
38.19999980926514,26470,3810,1,10.183767295221147,8.245384468120747,47,0
39,25984,3725,1,10.165236242961404,8.22282213081366,47,1
53,23437,3628,0,10.062071249151874,8.196436811235028,39,1
38.5,34291,6057,1,10.442638208053022,8.708969906980947,51,0
27.90000009536743,28518,3683,1,10.258290745842064,8.211482916445066,36,1
43.29999923706055,29398,4657,1,10.288681923801933,8.446126742982377,52,1
24.899999976158142,28349,3750,1,10.25234703516517,8.229511118964457,46,1
28.800000190734863,32825,5661,1,10.398945699170996,8.64135583403666,47,0
28.90000009536743,19764,3818,1,9.891617379965641,8.247482004285693,40,1
30,41856,5380,1,10.64199043481687,8.59044365315583,53,0
31.100000381469727,35020,5088,1,10.463674605839843,8.534640105019959,46,0
34.5,32678,3942,1,10.39445734759077,8.279443487712665,51,0
32.5,29210,5029,1,10.282266395381786,8.522976436171964,39,1
25.700000047683716,33645,4529,1,10.423619735622419,8.418256443556213,45,0
